{"xy_sens": 26.8, "targeting_sens": 23.0, "xy_scale": 0.3731343283582089, "targeting_scale": 1.6223231667748217}